year,usages,expenditures by usages,types,expenditures by types,industry,expenditures by industry
2003,Equipment,147276,noncapitalized,116444,Forestry\fishing and agricultural services ,95
2003,Equipment,147276,noncapitalized,116444,Mining,951
2003,Equipment,147276,noncapitalized,116444,Utilities ,3522
2003,Equipment,147276,noncapitalized,116444,Construction ,2152
2003,Equipment,147276,noncapitalized,116444,Manufacturing ,33278
2003,Equipment,147276,noncapitalized,116444,Durable goods industries ,21769
2003,Equipment,147276,noncapitalized,116444,Nondurable goods industries ,11508
2003,Equipment,147276,noncapitalized,116444,Wholesale trade ,9655
2003,Equipment,147276,noncapitalized,116444,Retail trade ,13230
2003,Equipment,147276,noncapitalized,116444,Transportation and warehousing ,4079
2003,Equipment,147276,noncapitalized,116444,Information ,57141
2003,Equipment,147276,noncapitalized,116444,Finance and insurance ,42361
2003,Equipment,147276,noncapitalized,116444,Real estate and rental and leasing ,3910
2003,Equipment,147276,noncapitalized,116444,Professional\ scientific and technical services ,24409
2003,Equipment,147276,noncapitalized,116444,Management of companies and enterprises ,1922
2003,Equipment,147276,noncapitalized,116444,Administrative and support and waste management ,7146
2003,Equipment,147276,noncapitalized,116444,Educational services ,3843
2003,Equipment,147276,noncapitalized,116444,Health care and social assistance ,13868
2003,Equipment,147276,noncapitalized,116444,Arts\entertainment and recreation ,1325
2003,Equipment,147276,noncapitalized,116444,Accommodation and food services ,1940
2003,Equipment,147276,noncapitalized,116444,Other services (except public administration) ,3318
2003,Equipment,147276,noncapitalized,116444,Equipment expenditures serving multiple industry codes ,1122
2003,Software,115268,capitalized,146100,Forestry\fishing and agricultural services ,95
2003,Software,115268,capitalized,146100,Mining,951
2003,Software,115268,capitalized,146100,Utilities ,3522
2003,Software,115268,capitalized,146100,Construction ,2152
2003,Software,115268,capitalized,146100,Manufacturing ,33278
2003,Software,115268,capitalized,146100,Durable goods industries ,21769
2003,Software,115268,capitalized,146100,Nondurable goods industries ,11508
2003,Software,115268,capitalized,146100,Wholesale trade ,9655
2003,Software,115268,capitalized,146100,Retail trade ,13230
2003,Software,115268,capitalized,146100,Transportation and warehousing ,4079
2003,Software,115268,capitalized,146100,Information ,57141
2003,Software,115268,capitalized,146100,Finance and insurance ,42361
2003,Software,115268,capitalized,146100,Real estate and rental and leasing ,3910
2003,Software,115268,capitalized,146100,Professional\ scientific and technical services ,24409
2003,Software,115268,capitalized,146100,Management of companies and enterprises ,1922
2003,Software,115268,capitalized,146100,Administrative and support and waste management ,7146
2003,Software,115268,capitalized,146100,Educational services ,3843
2003,Software,115268,capitalized,146100,Health care and social assistance ,13868
2003,Software,115268,capitalized,146100,Arts\entertainment and recreation ,1325
2003,Software,115268,capitalized,146100,Accommodation and food services ,1940
2003,Software,115268,capitalized,146100,Other services (except public administration) ,3318
2003,Software,115268,capitalized,146100,Equipment expenditures serving multiple industry codes ,1122
2004,Equipment,140038,noncapitalized,108968,Forestry\fishing and agricultural services ,164
2004,Equipment,140038,noncapitalized,108968,Mining,1341
2004,Equipment,140038,noncapitalized,108968,Utilities ,3750
2004,Equipment,140038,noncapitalized,108968,Construction ,2739
2004,Equipment,140038,noncapitalized,108968,Manufacturing ,33745
2004,Equipment,140038,noncapitalized,108968,Durable goods industries ,21645
2004,Equipment,140038,noncapitalized,108968,Nondurable goods industries ,12100
2004,Equipment,140038,noncapitalized,108968,Wholesale trade ,9253
2004,Equipment,140038,noncapitalized,108968,Retail trade ,14205
2004,Equipment,140038,noncapitalized,108968,Transportation and warehousing ,4491
2004,Equipment,140038,noncapitalized,108968,Information ,54486
2004,Equipment,140038,noncapitalized,108968,Finance and insurance ,43110
2004,Equipment,140038,noncapitalized,108968,Real estate and rental and leasing ,3241
2004,Equipment,140038,noncapitalized,108968,Professional\ scientific and technical services ,22596
2004,Equipment,140038,noncapitalized,108968,Management of companies and enterprises ,2350
2004,Equipment,140038,noncapitalized,108968,Administrative and support and waste management ,5888
2004,Equipment,140038,noncapitalized,108968,Educational services ,3634
2004,Equipment,140038,noncapitalized,108968,Health care and social assistance ,19000
2004,Equipment,140038,noncapitalized,108968,Arts\entertainment and recreation ,1500
2004,Equipment,140038,noncapitalized,108968,Accommodation and food services ,1970
2004,Equipment,140038,noncapitalized,108968,Other services (except public administration) ,3524
2004,Equipment,140038,noncapitalized,108968,Equipment expenditures serving multiple industry codes ,958
2004,Software,125652,capitalized,156722,Forestry\fishing and agricultural services ,164
2004,Software,125652,capitalized,156722,Mining,1341
2004,Software,125652,capitalized,156722,Utilities ,3750
2004,Software,125652,capitalized,156722,Construction ,2739
2004,Software,125652,capitalized,156722,Manufacturing ,33745
2004,Software,125652,capitalized,156722,Durable goods industries ,21645
2004,Software,125652,capitalized,156722,Nondurable goods industries ,12100
2004,Software,125652,capitalized,156722,Wholesale trade ,9253
2004,Software,125652,capitalized,156722,Retail trade ,14205
2004,Software,125652,capitalized,156722,Transportation and warehousing ,4491
2004,Software,125652,capitalized,156722,Information ,54486
2004,Software,125652,capitalized,156722,Finance and insurance ,43110
2004,Software,125652,capitalized,156722,Real estate and rental and leasing ,3241
2004,Software,125652,capitalized,156722,Professional\ scientific and technical services ,22596
2004,Software,125652,capitalized,156722,Management of companies and enterprises ,2350
2004,Software,125652,capitalized,156722,Administrative and support and waste management ,5888
2004,Software,125652,capitalized,156722,Educational services ,3634
2004,Software,125652,capitalized,156722,Health care and social assistance ,19000
2004,Software,125652,capitalized,156722,Arts\entertainment and recreation ,1500
2004,Software,125652,capitalized,156722,Accommodation and food services ,1970
2004,Software,125652,capitalized,156722,Other services (except public administration) ,3524
2004,Software,125652,capitalized,156722,Equipment expenditures serving multiple industry codes ,958
2005,Equipment,144097,noncapitalized,108398,Forestry\fishing and agricultural services ,156
2005,Equipment,144097,noncapitalized,108398,Mining,1589
2005,Equipment,144097,noncapitalized,108398,Utilities ,3864
2005,Equipment,144097,noncapitalized,108398,Construction ,2449
2005,Equipment,144097,noncapitalized,108398,Manufacturing ,32522
2005,Equipment,144097,noncapitalized,108398,Durable goods industries ,20783
2005,Equipment,144097,noncapitalized,108398,Nondurable goods industries ,11740
2005,Equipment,144097,noncapitalized,108398,Wholesale trade ,7836
2005,Equipment,144097,noncapitalized,108398,Retail trade ,14900
2005,Equipment,144097,noncapitalized,108398,Transportation and warehousing ,4945
2005,Equipment,144097,noncapitalized,108398,Information ,52427
2005,Equipment,144097,noncapitalized,108398,Finance and insurance ,44243
2005,Equipment,144097,noncapitalized,108398,Real estate and rental and leasing ,3112
2005,Equipment,144097,noncapitalized,108398,Professional\ scientific and technical services ,26972
2005,Equipment,144097,noncapitalized,108398,Management of companies and enterprises ,1102
2005,Equipment,144097,noncapitalized,108398,Administrative and support and waste management ,5599
2005,Equipment,144097,noncapitalized,108398,Educational services ,3660
2005,Equipment,144097,noncapitalized,108398,Health care and social assistance ,19940
2005,Equipment,144097,noncapitalized,108398,Arts\entertainment and recreation ,1385
2005,Equipment,144097,noncapitalized,108398,Accommodation and food services ,2774
2005,Equipment,144097,noncapitalized,108398,Other services (except public administration) ,3120
2005,Equipment,144097,noncapitalized,108398,Equipment expenditures serving multiple industry codes ,811
2005,Software,121832,capitalized,157531,Forestry\fishing and agricultural services ,156
2005,Software,121832,capitalized,157531,Mining,1589
2005,Software,121832,capitalized,157531,Utilities ,3864
2005,Software,121832,capitalized,157531,Construction ,2449
2005,Software,121832,capitalized,157531,Manufacturing ,32522
2005,Software,121832,capitalized,157531,Durable goods industries ,20783
2005,Software,121832,capitalized,157531,Nondurable goods industries ,11740
2005,Software,121832,capitalized,157531,Wholesale trade ,7836
2005,Software,121832,capitalized,157531,Retail trade ,14900
2005,Software,121832,capitalized,157531,Transportation and warehousing ,4945
2005,Software,121832,capitalized,157531,Information ,52427
2005,Software,121832,capitalized,157531,Finance and insurance ,44243
2005,Software,121832,capitalized,157531,Real estate and rental and leasing ,3112
2005,Software,121832,capitalized,157531,Professional\ scientific and technical services ,26972
2005,Software,121832,capitalized,157531,Management of companies and enterprises ,1102
2005,Software,121832,capitalized,157531,Administrative and support and waste management ,5599
2005,Software,121832,capitalized,157531,Educational services ,3660
2005,Software,121832,capitalized,157531,Health care and social assistance ,19940
2005,Software,121832,capitalized,157531,Arts\entertainment and recreation ,1385
2005,Software,121832,capitalized,157531,Accommodation and food services ,2774
2005,Software,121832,capitalized,157531,Other services (except public administration) ,3120
2005,Software,121832,capitalized,157531,Equipment expenditures serving multiple industry codes ,811
2006,Equipment,152562,noncapitalized,107679,Forestry\fishing and agricultural services ,97
2006,Equipment,152562,noncapitalized,107679,Mining,1933
2006,Equipment,152562,noncapitalized,107679,Utilities ,3833
2006,Equipment,152562,noncapitalized,107679,Construction ,2520
2006,Equipment,152562,noncapitalized,107679,Manufacturing ,34908
2006,Equipment,152562,noncapitalized,107679,Durable goods industries ,21703
2006,Equipment,152562,noncapitalized,107679,Nondurable goods industries ,13206
2006,Equipment,152562,noncapitalized,107679,Wholesale trade ,8011
2006,Equipment,152562,noncapitalized,107679,Retail trade ,14767
2006,Equipment,152562,noncapitalized,107679,Transportation and warehousing ,4992
2006,Equipment,152562,noncapitalized,107679,Information ,62680
2006,Equipment,152562,noncapitalized,107679,Finance and insurance ,48292
2006,Equipment,152562,noncapitalized,107679,Real estate and rental and leasing ,3247
2006,Equipment,152562,noncapitalized,107679,Professional\ scientific and technical services ,25858
2006,Equipment,152562,noncapitalized,107679,Management of companies and enterprises ,1435
2006,Equipment,152562,noncapitalized,107679,Administrative and support and waste management ,6531
2006,Equipment,152562,noncapitalized,107679,Educational services ,3517
2006,Equipment,152562,noncapitalized,107679,Health care and social assistance ,19038
2006,Equipment,152562,noncapitalized,107679,Arts\entertainment and recreation ,1415
2006,Equipment,152562,noncapitalized,107679,Accommodation and food services ,2635
2006,Equipment,152562,noncapitalized,107679,Other services (except public administration) ,4260
2006,Equipment,152562,noncapitalized,107679,Equipment expenditures serving multiple industry codes ,723
2006,Software,133039,capitalized,177922,Forestry\fishing and agricultural services ,97
2006,Software,133039,capitalized,177922,Mining,1933
2006,Software,133039,capitalized,177922,Utilities ,3833
2006,Software,133039,capitalized,177922,Construction ,2520
2006,Software,133039,capitalized,177922,Manufacturing ,34908
2006,Software,133039,capitalized,177922,Durable goods industries ,21703
2006,Software,133039,capitalized,177922,Nondurable goods industries ,13206
2006,Software,133039,capitalized,177922,Wholesale trade ,8011
2006,Software,133039,capitalized,177922,Retail trade ,14767
2006,Software,133039,capitalized,177922,Transportation and warehousing ,4992
2006,Software,133039,capitalized,177922,Information ,62680
2006,Software,133039,capitalized,177922,Finance and insurance ,48292
2006,Software,133039,capitalized,177922,Real estate and rental and leasing ,3247
2006,Software,133039,capitalized,177922,Professional\ scientific and technical services ,25858
2006,Software,133039,capitalized,177922,Management of companies and enterprises ,1435
2006,Software,133039,capitalized,177922,Administrative and support and waste management ,6531
2006,Software,133039,capitalized,177922,Educational services ,3517
2006,Software,133039,capitalized,177922,Health care and social assistance ,19038
2006,Software,133039,capitalized,177922,Arts\entertainment and recreation ,1415
2006,Software,133039,capitalized,177922,Accommodation and food services ,2635
2006,Software,133039,capitalized,177922,Other services (except public administration) ,4260
2006,Software,133039,capitalized,177922,Equipment expenditures serving multiple industry codes ,723
2007,Equipment,160169,noncapitalized,112101,Forestry\fishing and agricultural services ,110
2007,Equipment,160169,noncapitalized,112101,Mining,2568
2007,Equipment,160169,noncapitalized,112101,Utilities ,3923
2007,Equipment,160169,noncapitalized,112101,Construction ,2936
2007,Equipment,160169,noncapitalized,112101,Manufacturing ,36246
2007,Equipment,160169,noncapitalized,112101,Durable goods industries ,22023
2007,Equipment,160169,noncapitalized,112101,Nondurable goods industries ,14224
2007,Equipment,160169,noncapitalized,112101,Wholesale trade ,9193
2007,Equipment,160169,noncapitalized,112101,Retail trade ,17124
2007,Equipment,160169,noncapitalized,112101,Transportation and warehousing ,5118
2007,Equipment,160169,noncapitalized,112101,Information ,63764
2007,Equipment,160169,noncapitalized,112101,Finance and insurance ,52528
2007,Equipment,160169,noncapitalized,112101,Real estate and rental and leasing ,3473
2007,Equipment,160169,noncapitalized,112101,Professional\ scientific and technical services ,24915
2007,Equipment,160169,noncapitalized,112101,Management of companies and enterprises ,2066
2007,Equipment,160169,noncapitalized,112101,Administrative and support and waste management ,6251
2007,Equipment,160169,noncapitalized,112101,Educational services ,3638
2007,Equipment,160169,noncapitalized,112101,Health care and social assistance ,21395
2007,Equipment,160169,noncapitalized,112101,Arts\entertainment and recreation ,1692
2007,Equipment,160169,noncapitalized,112101,Accommodation and food services ,2652
2007,Equipment,160169,noncapitalized,112101,Other services (except public administration) ,3946
2007,Equipment,160169,noncapitalized,112101,Equipment expenditures serving multiple industry codes ,675
2007,Software,140291,capitalized,188359,Forestry\fishing and agricultural services ,110
2007,Software,140291,capitalized,188359,Mining,2568
2007,Software,140291,capitalized,188359,Utilities ,3923
2007,Software,140291,capitalized,188359,Construction ,2936
2007,Software,140291,capitalized,188359,Manufacturing ,36246
2007,Software,140291,capitalized,188359,Durable goods industries ,22023
2007,Software,140291,capitalized,188359,Nondurable goods industries ,14224
2007,Software,140291,capitalized,188359,Wholesale trade ,9193
2007,Software,140291,capitalized,188359,Retail trade ,17124
2007,Software,140291,capitalized,188359,Transportation and warehousing ,5118
2007,Software,140291,capitalized,188359,Information ,63764
2007,Software,140291,capitalized,188359,Finance and insurance ,52528
2007,Software,140291,capitalized,188359,Real estate and rental and leasing ,3473
2007,Software,140291,capitalized,188359,Professional\ scientific and technical services ,24915
2007,Software,140291,capitalized,188359,Management of companies and enterprises ,2066
2007,Software,140291,capitalized,188359,Administrative and support and waste management ,6251
2007,Software,140291,capitalized,188359,Educational services ,3638
2007,Software,140291,capitalized,188359,Health care and social assistance ,21395
2007,Software,140291,capitalized,188359,Arts\entertainment and recreation ,1692
2007,Software,140291,capitalized,188359,Accommodation and food services ,2652
2007,Software,140291,capitalized,188359,Other services (except public administration) ,3946
2007,Software,140291,capitalized,188359,Equipment expenditures serving multiple industry codes ,675
2008,Equipment,184198,noncapitalized,107520,Forestry\fishing and agricultural services ,232
2008,Equipment,184198,noncapitalized,107520,Mining,3267
2008,Equipment,184198,noncapitalized,107520,Utilities ,5540
2008,Equipment,184198,noncapitalized,107520,Construction ,2783
2008,Equipment,184198,noncapitalized,107520,Manufacturing ,35791
2008,Equipment,184198,noncapitalized,107520,Durable goods industries ,22217
2008,Equipment,184198,noncapitalized,107520,Nondurable goods industries ,13574
2008,Equipment,184198,noncapitalized,107520,Wholesale trade ,10423
2008,Equipment,184198,noncapitalized,107520,Retail trade ,18391
2008,Equipment,184198,noncapitalized,107520,Transportation and warehousing ,5326
2008,Equipment,184198,noncapitalized,107520,Information ,82729
2008,Equipment,184198,noncapitalized,107520,Finance and insurance ,50098
2008,Equipment,184198,noncapitalized,107520,Real estate and rental and leasing ,4159
2008,Equipment,184198,noncapitalized,107520,Professional\ scientific and technical services ,27016
2008,Equipment,184198,noncapitalized,107520,Management of companies and enterprises ,2711
2008,Equipment,184198,noncapitalized,107520,Administrative and support and waste management ,7135
2008,Equipment,184198,noncapitalized,107520,Educational services ,4332
2008,Equipment,184198,noncapitalized,107520,Health care and social assistance ,24257
2008,Equipment,184198,noncapitalized,107520,Arts\entertainment and recreation ,1674
2008,Equipment,184198,noncapitalized,107520,Accommodation and food services ,4080
2008,Equipment,184198,noncapitalized,107520,Other services (except public administration) ,4374
2008,Equipment,184198,noncapitalized,107520,Equipment expenditures serving multiple industry codes ,1943
2008,Software,147854,capitalized,224532,Forestry\fishing and agricultural services ,232
2008,Software,147854,capitalized,224532,Mining,3267
2008,Software,147854,capitalized,224532,Utilities ,5540
2008,Software,147854,capitalized,224532,Construction ,2783
2008,Software,147854,capitalized,224532,Manufacturing ,35791
2008,Software,147854,capitalized,224532,Durable goods industries ,22217
2008,Software,147854,capitalized,224532,Nondurable goods industries ,13574
2008,Software,147854,capitalized,224532,Wholesale trade ,10423
2008,Software,147854,capitalized,224532,Retail trade ,18391
2008,Software,147854,capitalized,224532,Transportation and warehousing ,5326
2008,Software,147854,capitalized,224532,Information ,82729
2008,Software,147854,capitalized,224532,Finance and insurance ,50098
2008,Software,147854,capitalized,224532,Real estate and rental and leasing ,4159
2008,Software,147854,capitalized,224532,Professional\ scientific and technical services ,27016
2008,Software,147854,capitalized,224532,Management of companies and enterprises ,2711
2008,Software,147854,capitalized,224532,Administrative and support and waste management ,7135
2008,Software,147854,capitalized,224532,Educational services ,4332
2008,Software,147854,capitalized,224532,Health care and social assistance ,24257
2008,Software,147854,capitalized,224532,Arts\entertainment and recreation ,1674
2008,Software,147854,capitalized,224532,Accommodation and food services ,4080
2008,Software,147854,capitalized,224532,Other services (except public administration) ,4374
2008,Software,147854,capitalized,224532,Equipment expenditures serving multiple industry codes ,1943
2009,Equipment,141831,noncapitalized,103716,Forestry\fishing and agricultural services ,162
2009,Equipment,141831,noncapitalized,103716,Mining,3047
2009,Equipment,141831,noncapitalized,103716,Utilities ,5670
2009,Equipment,141831,noncapitalized,103716,Construction ,2127
2009,Equipment,141831,noncapitalized,103716,Manufacturing ,29881
2009,Equipment,141831,noncapitalized,103716,Durable goods industries ,18505
2009,Equipment,141831,noncapitalized,103716,Nondurable goods industries ,11376
2009,Equipment,141831,noncapitalized,103716,Wholesale trade ,9604
2009,Equipment,141831,noncapitalized,103716,Retail trade ,14842
2009,Equipment,141831,noncapitalized,103716,Transportation and warehousing ,4627
2009,Equipment,141831,noncapitalized,103716,Information ,66380
2009,Equipment,141831,noncapitalized,103716,Finance and insurance ,46688
2009,Equipment,141831,noncapitalized,103716,Real estate and rental and leasing ,3737
2009,Equipment,141831,noncapitalized,103716,Professional\ scientific and technical services ,21986
2009,Equipment,141831,noncapitalized,103716,Management of companies and enterprises ,3052
2009,Equipment,141831,noncapitalized,103716,Administrative and support and waste management ,6313
2009,Equipment,141831,noncapitalized,103716,Educational services ,4311
2009,Equipment,141831,noncapitalized,103716,Health care and social assistance ,21610
2009,Equipment,141831,noncapitalized,103716,Arts\entertainment and recreation ,1451
2009,Equipment,141831,noncapitalized,103716,Accommodation and food services ,2469
2009,Equipment,141831,noncapitalized,103716,Other services (except public administration) ,3977
2009,Equipment,141831,noncapitalized,103716,Equipment expenditures serving multiple industry codes ,1895
2009,Software,141879,capitalized,346171,Forestry\fishing and agricultural services ,162
2009,Software,141879,capitalized,346171,Mining,3047
2009,Software,141879,capitalized,346171,Utilities ,5670
2009,Software,141879,capitalized,346171,Construction ,2127
2009,Software,141879,capitalized,346171,Manufacturing ,29881
2009,Software,141879,capitalized,346171,Durable goods industries ,18505
2009,Software,141879,capitalized,346171,Nondurable goods industries ,11376
2009,Software,141879,capitalized,346171,Wholesale trade ,9604
2009,Software,141879,capitalized,346171,Retail trade ,14842
2009,Software,141879,capitalized,346171,Transportation and warehousing ,4627
2009,Software,141879,capitalized,346171,Information ,66380
2009,Software,141879,capitalized,346171,Finance and insurance ,46688
2009,Software,141879,capitalized,346171,Real estate and rental and leasing ,3737
2009,Software,141879,capitalized,346171,Professional\ scientific and technical services ,21986
2009,Software,141879,capitalized,346171,Management of companies and enterprises ,3052
2009,Software,141879,capitalized,346171,Administrative and support and waste management ,6313
2009,Software,141879,capitalized,346171,Educational services ,4311
2009,Software,141879,capitalized,346171,Health care and social assistance ,21610
2009,Software,141879,capitalized,346171,Arts\entertainment and recreation ,1451
2009,Software,141879,capitalized,346171,Accommodation and food services ,2469
2009,Software,141879,capitalized,346171,Other services (except public administration) ,3977
2009,Software,141879,capitalized,346171,Equipment expenditures serving multiple industry codes ,1895
2010,Equipment,151671,noncapitalized,109303,Forestry\fishing and agricultural services ,153
2010,Equipment,151671,noncapitalized,109303,Mining,2247
2010,Equipment,151671,noncapitalized,109303,Utilities ,5994
2010,Equipment,151671,noncapitalized,109303,Construction ,2082
2010,Equipment,151671,noncapitalized,109303,Manufacturing ,30841
2010,Equipment,151671,noncapitalized,109303,Durable goods industries ,18947
2010,Equipment,151671,noncapitalized,109303,Nondurable goods industries ,11894
2010,Equipment,151671,noncapitalized,109303,Wholesale trade ,8908
2010,Equipment,151671,noncapitalized,109303,Retail trade ,16650
2010,Equipment,151671,noncapitalized,109303,Transportation and warehousing ,4902
2010,Equipment,151671,noncapitalized,109303,Information ,71287
2010,Equipment,151671,noncapitalized,109303,Finance and insurance ,48149
2010,Equipment,151671,noncapitalized,109303,Real estate and rental and leasing ,2956
2010,Equipment,151671,noncapitalized,109303,Professional\ scientific and technical services ,22699
2010,Equipment,151671,noncapitalized,109303,Management of companies and enterprises ,3148
2010,Equipment,151671,noncapitalized,109303,Administrative and support and waste management ,6516
2010,Equipment,151671,noncapitalized,109303,Educational services ,4401
2010,Equipment,151671,noncapitalized,109303,Health care and social assistance ,22959
2010,Equipment,151671,noncapitalized,109303,Arts\entertainment and recreation ,1543
2010,Equipment,151671,noncapitalized,109303,Accommodation and food services ,2241
2010,Equipment,151671,noncapitalized,109303,Other services (except public administration) ,3829
2010,Equipment,151671,noncapitalized,109303,Equipment expenditures serving multiple industry codes ,1622
2010,Software,142297,capitalized,184665,Forestry\fishing and agricultural services ,153
2010,Software,142297,capitalized,184665,Mining,2247
2010,Software,142297,capitalized,184665,Utilities ,5994
2010,Software,142297,capitalized,184665,Construction ,2082
2010,Software,142297,capitalized,184665,Manufacturing ,30841
2010,Software,142297,capitalized,184665,Durable goods industries ,18947
2010,Software,142297,capitalized,184665,Nondurable goods industries ,11894
2010,Software,142297,capitalized,184665,Wholesale trade ,8908
2010,Software,142297,capitalized,184665,Retail trade ,16650
2010,Software,142297,capitalized,184665,Transportation and warehousing ,4902
2010,Software,142297,capitalized,184665,Information ,71287
2010,Software,142297,capitalized,184665,Finance and insurance ,48149
2010,Software,142297,capitalized,184665,Real estate and rental and leasing ,2956
2010,Software,142297,capitalized,184665,Professional\ scientific and technical services ,22699
2010,Software,142297,capitalized,184665,Management of companies and enterprises ,3148
2010,Software,142297,capitalized,184665,Administrative and support and waste management ,6516
2010,Software,142297,capitalized,184665,Educational services ,4401
2010,Software,142297,capitalized,184665,Health care and social assistance ,22959
2010,Software,142297,capitalized,184665,Arts\entertainment and recreation ,1543
2010,Software,142297,capitalized,184665,Accommodation and food services ,2241
2010,Software,142297,capitalized,184665,Other services (except public administration) ,3829
2010,Software,142297,capitalized,184665,Equipment expenditures serving multiple industry codes ,1622
2011,Equipment,166535,noncapitalized,116718,Forestry\fishing and agricultural services ,159
2011,Equipment,166535,noncapitalized,116718,Mining,3099
2011,Equipment,166535,noncapitalized,116718,Utilities ,6321
2011,Equipment,166535,noncapitalized,116718,Construction ,2040
2011,Equipment,166535,noncapitalized,116718,Manufacturing ,34721
2011,Equipment,166535,noncapitalized,116718,Durable goods industries ,22503
2011,Equipment,166535,noncapitalized,116718,Nondurable goods industries ,12219
2011,Equipment,166535,noncapitalized,116718,Wholesale trade ,10581
2011,Equipment,166535,noncapitalized,116718,Retail trade ,17373
2011,Equipment,166535,noncapitalized,116718,Transportation and warehousing ,5509
2011,Equipment,166535,noncapitalized,116718,Information ,80502
2011,Equipment,166535,noncapitalized,116718,Finance and insurance ,49596
2011,Equipment,166535,noncapitalized,116718,Real estate and rental and leasing ,2757
2011,Equipment,166535,noncapitalized,116718,Professional\ scientific and technical services ,25085
2011,Equipment,166535,noncapitalized,116718,Management of companies and enterprises ,3661
2011,Equipment,166535,noncapitalized,116718,Administrative and support and waste management ,7867
2011,Equipment,166535,noncapitalized,116718,Educational services ,4759
2011,Equipment,166535,noncapitalized,116718,Health care and social assistance ,25917
2011,Equipment,166535,noncapitalized,116718,Arts\entertainment and recreation ,1813
2011,Equipment,166535,noncapitalized,116718,Accommodation and food services ,2952
2011,Equipment,166535,noncapitalized,116718,Other services (except public administration) ,3629
2011,Equipment,166535,noncapitalized,116718,Equipment expenditures serving multiple industry codes ,1531
2011,Software,158059,capitalized,207876,Forestry\fishing and agricultural services ,159
2011,Software,158059,capitalized,207876,Mining,3099
2011,Software,158059,capitalized,207876,Utilities ,6321
2011,Software,158059,capitalized,207876,Construction ,2040
2011,Software,158059,capitalized,207876,Manufacturing ,34721
2011,Software,158059,capitalized,207876,Durable goods industries ,22503
2011,Software,158059,capitalized,207876,Nondurable goods industries ,12219
2011,Software,158059,capitalized,207876,Wholesale trade ,10581
2011,Software,158059,capitalized,207876,Retail trade ,17373
2011,Software,158059,capitalized,207876,Transportation and warehousing ,5509
2011,Software,158059,capitalized,207876,Information ,80502
2011,Software,158059,capitalized,207876,Finance and insurance ,49596
2011,Software,158059,capitalized,207876,Real estate and rental and leasing ,2757
2011,Software,158059,capitalized,207876,Professional\ scientific and technical services ,25085
2011,Software,158059,capitalized,207876,Management of companies and enterprises ,3661
2011,Software,158059,capitalized,207876,Administrative and support and waste management ,7867
2011,Software,158059,capitalized,207876,Educational services ,4759
2011,Software,158059,capitalized,207876,Health care and social assistance ,25917
2011,Software,158059,capitalized,207876,Arts\entertainment and recreation ,1813
2011,Software,158059,capitalized,207876,Accommodation and food services ,2952
2011,Software,158059,capitalized,207876,Other services (except public administration) ,3629
2011,Software,158059,capitalized,207876,Equipment expenditures serving multiple industry codes ,1531
2013,Equipment,177019,noncapitalized,134539,Forestry\fishing and agricultural services ,154
2013,Equipment,177019,noncapitalized,134539,Mining,3674
2013,Equipment,177019,noncapitalized,134539,Utilities ,8002
2013,Equipment,177019,noncapitalized,134539,Construction ,2681
2013,Equipment,177019,noncapitalized,134539,Manufacturing ,37089
2013,Equipment,177019,noncapitalized,134539,Durable goods industries ,23266
2013,Equipment,177019,noncapitalized,134539,Nondurable goods industries ,13823
2013,Equipment,177019,noncapitalized,134539,Wholesale trade ,11806
2013,Equipment,177019,noncapitalized,134539,Retail trade ,22201
2013,Equipment,177019,noncapitalized,134539,Transportation and warehousing ,6212
2013,Equipment,177019,noncapitalized,134539,Information ,85712
2013,Equipment,177019,noncapitalized,134539,Finance and insurance ,60199
2013,Equipment,177019,noncapitalized,134539,Real estate and rental and leasing ,3577
2013,Equipment,177019,noncapitalized,134539,Professional\ scientific and technical services ,29772
2013,Equipment,177019,noncapitalized,134539,Management of companies and enterprises ,4479
2013,Equipment,177019,noncapitalized,134539,Administrative and support and waste management ,8355
2013,Equipment,177019,noncapitalized,134539,Educational services ,5212
2013,Equipment,177019,noncapitalized,134539,Health care and social assistance ,28242
2013,Equipment,177019,noncapitalized,134539,Arts\entertainment and recreation ,2262
2013,Equipment,177019,noncapitalized,134539,Accommodation and food services ,4983
2013,Equipment,177019,noncapitalized,134539,Other services (except public administration) ,4051
2013,Equipment,177019,noncapitalized,134539,Equipment expenditures serving multiple industry codes ,2219
2013,Software,190952,capitalized,233432,Forestry\fishing and agricultural services ,154
2013,Software,190952,capitalized,233432,Mining,3674
2013,Software,190952,capitalized,233432,Utilities ,8002
2013,Software,190952,capitalized,233432,Construction ,2681
2013,Software,190952,capitalized,233432,Manufacturing ,37089
2013,Software,190952,capitalized,233432,Durable goods industries ,23266
2013,Software,190952,capitalized,233432,Nondurable goods industries ,13823
2013,Software,190952,capitalized,233432,Wholesale trade ,11806
2013,Software,190952,capitalized,233432,Retail trade ,22201
2013,Software,190952,capitalized,233432,Transportation and warehousing ,6212
2013,Software,190952,capitalized,233432,Information ,85712
2013,Software,190952,capitalized,233432,Finance and insurance ,60199
2013,Software,190952,capitalized,233432,Real estate and rental and leasing ,3577
2013,Software,190952,capitalized,233432,Professional\ scientific and technical services ,29772
2013,Software,190952,capitalized,233432,Management of companies and enterprises ,4479
2013,Software,190952,capitalized,233432,Administrative and support and waste management ,8355
2013,Software,190952,capitalized,233432,Educational services ,5212
2013,Software,190952,capitalized,233432,Health care and social assistance ,28242
2013,Software,190952,capitalized,233432,Arts\entertainment and recreation ,2262
2013,Software,190952,capitalized,233432,Accommodation and food services ,4983
2013,Software,190952,capitalized,233432,Other services (except public administration) ,4051
2013,Software,190952,capitalized,233432,Equipment expenditures serving multiple industry codes ,2219
